date,price,sma30,sma40,sma50,t30_pos,t30_equity,t40_pos,t40_equity,t50_pos,t50_equity,buyhold_equity,note
2026-09-09,12154240,11805445,11397869,11196706,1,9995,1,9995,1,9995,9995,SMA30:BUY / SMA40:BUY / SMA50:BUY
2026-09-10,12070916,11869942,11450175,11224629,1,9926,1,9926,1,9926,9926,
2026-09-11,11900980,11929637,11497119,11252247,0,9782,1,9787,1,9787,9787,SMA30:SELL
2026-09-12,11873682,11991395,11540303,11278918,0,9782,1,9764,1,9764,9764,
2026-09-13,11875330,12052239,11581599,11304643,0,9782,1,9766,1,9766,9766,
2026-09-14,11882779,12113471,11623281,11329707,0,9782,1,9772,1,9772,9772,
2026-09-15,12204950,12178161,11672088,11364512,1,9777,1,10037,1,10037,10037,SMA30:BUY
2026-09-16,11784640,12227328,11709961,11392668,0,9436,1,9691,1,9691,9691,SMA30:SELL
2026-09-17,11786880,12256313,11747748,11421725,0,9436,1,9693,1,9693,9693,
2026-09-18,11947035,12269286,11790936,11462279,0,9436,1,9825,1,9825,9825,
2026-09-19,12666220,12280848,11853919,11518163,1,9431,1,10416,1,10416,10416,SMA30:BUY
2026-09-20,12757759,12296584,11919463,11573745,1,9499,1,10491,1,10491,10491,
2026-09-21,12711646,12310726,11984500,11627514,1,9465,1,10453,1,10453,10453,
2026-09-22,13624801,12346287,12074597,11697083,1,10145,1,11204,1,11204,11204,
2026-09-23,13609620,12384537,12163587,11764806,1,10133,1,11192,1,11192,11192,
2026-09-24,13350215,12412889,12246197,11827500,1,9940,1,10979,1,10979,10979,
2026-09-25,13406469,12434394,12324753,11890576,1,9982,1,11025,1,11025,11025,
2026-09-26,13214550,12461468,12397376,11949473,1,9839,1,10867,1,10867,10867,
2026-09-27,13233241,12485301,12455273,12008630,1,9853,1,10882,1,10882,10882,
2026-09-28,13340000,12510273,12499828,12071040,1,9932,1,10970,1,10970,10970,
2026-09-29,13157050,12528974,12520770,12131242,1,9796,1,10820,1,10820,10820,
2026-09-30,13148067,12553623,12542330,12191484,1,9790,1,10812,1,10812,10812,
2026-10-01,13156640,12582413,12564061,12252413,1,9796,1,10819,1,10819,10819,
2026-10-02,13400229,12606050,12585117,12319999,1,9977,1,11020,1,11020,11020,
2026-10-03,13311786,12633859,12606359,12385235,1,9911,1,10947,1,10947,10947,
2026-10-04,13425838,12665629,12629513,12452835,1,9996,1,11041,1,11041,11041,
2026-10-05,13470172,12698236,12647235,12516954,1,10029,1,11077,1,11077,11077,
2026-10-06,13575693,12742818,12676569,12582275,1,10108,1,11164,1,11164,11164,
2026-10-07,13550001,12791522,12702362,12634928,1,10089,1,11143,1,11143,11143,
2026-10-08,13185196,12825887,12717222,12667475,1,9817,1,10843,1,10843,10843,
2026-10-09,12912500,12851162,12725134,12679338,1,9614,1,10619,1,10619,10619,
2026-10-10,13039998,12883465,12740919,12694425,1,9709,1,10723,1,10723,10723,
2026-10-11,13150002,12925099,12762345,12711677,1,9791,1,10814,1,10814,10814,
